{
  "project_info": {
    "project_number": "764988795381",
    "project_id": "inicio-sesion-2022-2a15a",
    "storage_bucket": "inicio-sesion-2022-2a15a.appspot.com"
  },
  "client": [
    {
      "client_info": {
        "mobilesdk_app_id": "1:764988795381:android:63198c394e1608faf618bc",
        "android_client_info": {
          "package_name": "com.example.login_ui"
        }
      },
      "oauth_client": [
        {
          "client_id": "764988795381-28jis6md4f15u6mk8m47ip7l0sbebvrm.apps.googleusercontent.com",
          "client_type": 3
        }
      ],
      "api_key": [
        {
          "current_key": "AIzaSyCo_kJOqoWFG5Y2Fb1k4v2za3_LlkYTc_s"
        }
      ],
      "services": {
        "appinvite_service": {
          "other_platform_oauth_client": [
            {
              "client_id": "764988795381-28jis6md4f15u6mk8m47ip7l0sbebvrm.apps.googleusercontent.com",
              "client_type": 3
            }
          ]
        }
      }
    }
  ],
  "configuration_version": "1"
}